Sottostante,Ticker,RSS_URL
3M,MMM,https://feeds.finance.yahoo.com/rss/2.0/headline?s=MMM&region=US&lang=en-US
ALLIANZ,ALV.DE,https://feeds.finance.yahoo.com/rss/2.0/headline?s=ALV.DE&region=US&lang=en-US
ASSICURAZIONI GENERALI,G.MI,https://feeds.finance.yahoo.com/rss/2.0/headline?s=G.MI&region=US&lang=en-US
Advanced Micro Devices Inc,AMD,https://feeds.finance.yahoo.com/rss/2.0/headline?s=AMD&region=US&lang=en-US
Air France - KLM,AF.PA,https://feeds.finance.yahoo.com/rss/2.0/headline?s=AF.PA&region=US&lang=en-US
Airbnb Inc,ABNB,https://feeds.finance.yahoo.com/rss/2.0/headline?s=ABNB&region=US&lang=en-US
Alibaba Group Holding ADR,BABA,https://feeds.finance.yahoo.com/rss/2.0/headline?s=BABA&region=US&lang=en-US
Alphabet,GOOGL,https://feeds.finance.yahoo.com/rss/2.0/headline?s=GOOGL&region=US&lang=en-US
Amazon,AMZN,https://feeds.finance.yahoo.com/rss/2.0/headline?s=AMZN&region=US&lang=en-US
Amgen Inc,AMGN,https://feeds.finance.yahoo.com/rss/2.0/headline?s=AMGN&region=US&lang=en-US
Amplifon SpA,AMP.MI,https://feeds.finance.yahoo.com/rss/2.0/headline?s=AMP.MI&region=US&lang=en-US
AppLovin Corp,APP,https://feeds.finance.yahoo.com/rss/2.0/headline?s=APP&region=US&lang=en-US
Apple,AAPL,https://feeds.finance.yahoo.com/rss/2.0/headline?s=AAPL&region=US&lang=en-US
Applied Materials,AMAT,https://feeds.finance.yahoo.com/rss/2.0/headline?s=AMAT&region=US&lang=en-US
Argento,SI=F,https://feeds.finance.yahoo.com/rss/2.0/headline?s=SI=F&region=US&lang=en-US
Arm Holdings plc,ARM,https://feeds.finance.yahoo.com/rss/2.0/headline?s=ARM&region=US&lang=en-US
AstraZeneca plc,AZN,https://feeds.finance.yahoo.com/rss/2.0/headline?s=AZN&region=US&lang=en-US
Azimut,AZM.MI,https://feeds.finance.yahoo.com/rss/2.0/headline?s=AZM.MI&region=US&lang=en-US
BASF SE,BAS.DE,https://feeds.finance.yahoo.com/rss/2.0/headline?s=BAS.DE&region=US&lang=en-US
BMW,BMW.DE,https://feeds.finance.yahoo.com/rss/2.0/headline?s=BMW.DE&region=US&lang=en-US
BPER Banca,BPE.MI,https://feeds.finance.yahoo.com/rss/2.0/headline?s=BPE.MI&region=US&lang=en-US
Baidu,BIDU,https://feeds.finance.yahoo.com/rss/2.0/headline?s=BIDU&region=US&lang=en-US
Banca Mediolanum SpA,BMED.MI,https://feeds.finance.yahoo.com/rss/2.0/headline?s=BMED.MI&region=US&lang=en-US
Banca Monte Paschi Siena,BMPS.MI,https://feeds.finance.yahoo.com/rss/2.0/headline?s=BMPS.MI&region=US&lang=en-US
Banco BPM,BAMI.MI,https://feeds.finance.yahoo.com/rss/2.0/headline?s=BAMI.MI&region=US&lang=en-US
Bank of America,BAC,https://feeds.finance.yahoo.com/rss/2.0/headline?s=BAC&region=US&lang=en-US
Berkshire Hathaway B,BRK-B,https://feeds.finance.yahoo.com/rss/2.0/headline?s=BRK-B&region=US&lang=en-US
BioNTech SE,BNTX,https://feeds.finance.yahoo.com/rss/2.0/headline?s=BNTX&region=US&lang=en-US
BlackRock Inc,BLK,https://feeds.finance.yahoo.com/rss/2.0/headline?s=BLK&region=US&lang=en-US
Broadcom Inc,AVGO,https://feeds.finance.yahoo.com/rss/2.0/headline?s=AVGO&region=US&lang=en-US
Brunello Cucinelli SpA,BC.MI,https://feeds.finance.yahoo.com/rss/2.0/headline?s=BC.MI&region=US&lang=en-US
Buzzi SpA,BZU.MI,https://feeds.finance.yahoo.com/rss/2.0/headline?s=BZU.MI&region=US&lang=en-US
CAC 40,^FCHI,https://feeds.finance.yahoo.com/rss/2.0/headline?s=^FCHI&region=US&lang=en-US
Carnival Corp,CCL,https://feeds.finance.yahoo.com/rss/2.0/headline?s=CCL&region=US&lang=en-US
Caterpillar Inc,CAT,https://feeds.finance.yahoo.com/rss/2.0/headline?s=CAT&region=US&lang=en-US
Cisco,CSCO,https://feeds.finance.yahoo.com/rss/2.0/headline?s=CSCO&region=US&lang=en-US
Coca-Cola Co,KO,https://feeds.finance.yahoo.com/rss/2.0/headline?s=KO&region=US&lang=en-US
Coinbase Global Inc,COIN,https://feeds.finance.yahoo.com/rss/2.0/headline?s=COIN&region=US&lang=en-US
Commerzbank AG,CBK.DE,https://feeds.finance.yahoo.com/rss/2.0/headline?s=CBK.DE&region=US&lang=en-US
DAX,^GDAXI,https://feeds.finance.yahoo.com/rss/2.0/headline?s=^GDAXI&region=US&lang=en-US
Danieli,DAN.MI,https://feeds.finance.yahoo.com/rss/2.0/headline?s=DAN.MI&region=US&lang=en-US
Davide Campari-Milano NV,CPR.MI,https://feeds.finance.yahoo.com/rss/2.0/headline?s=CPR.MI&region=US&lang=en-US
Deutsche Bank,DBK.DE,https://feeds.finance.yahoo.com/rss/2.0/headline?s=DBK.DE&region=US&lang=en-US
Deutsche Telekom,DTE.DE,https://feeds.finance.yahoo.com/rss/2.0/headline?s=DTE.DE&region=US&lang=en-US
DiaSorin SpA,DIA.MI,https://feeds.finance.yahoo.com/rss/2.0/headline?s=DIA.MI&region=US&lang=en-US
EURO STOXX 50,^STOXX50E,https://feeds.finance.yahoo.com/rss/2.0/headline?s=^STOXX50E&region=US&lang=en-US
Eli Lilly and Co,LLY,https://feeds.finance.yahoo.com/rss/2.0/headline?s=LLY&region=US&lang=en-US
Enel,ENEL.MI,https://feeds.finance.yahoo.com/rss/2.0/headline?s=ENEL.MI&region=US&lang=en-US
Eni,ENI.MI,https://feeds.finance.yahoo.com/rss/2.0/headline?s=ENI.MI&region=US&lang=en-US
EssilorLuxottica,EL.PA,https://feeds.finance.yahoo.com/rss/2.0/headline?s=EL.PA&region=US&lang=en-US
Exor NV,EXO.MI,https://feeds.finance.yahoo.com/rss/2.0/headline?s=EXO.MI&region=US&lang=en-US
Exxon Mobil Corp,XOM,https://feeds.finance.yahoo.com/rss/2.0/headline?s=XOM&region=US&lang=en-US
FTSE MIB,FTSEMIB.MI,https://feeds.finance.yahoo.com/rss/2.0/headline?s=FTSEMIB.MI&region=US&lang=en-US
Ferrari,RACE.MI,https://feeds.finance.yahoo.com/rss/2.0/headline?s=RACE.MI&region=US&lang=en-US
FinecoBank SpA,FBK.MI,https://feeds.finance.yahoo.com/rss/2.0/headline?s=FBK.MI&region=US&lang=en-US
Hera,HER.MI,https://feeds.finance.yahoo.com/rss/2.0/headline?s=HER.MI&region=US&lang=en-US
Hermes Intl,RMS.PA,https://feeds.finance.yahoo.com/rss/2.0/headline?s=RMS.PA&region=US&lang=en-US
IBM,IBM,https://feeds.finance.yahoo.com/rss/2.0/headline?s=IBM&region=US&lang=en-US
Infineon Technologies,IFX.DE,https://feeds.finance.yahoo.com/rss/2.0/headline?s=IFX.DE&region=US&lang=en-US
Infrastrutture Wireless Italiane SpA,INW.MI,https://feeds.finance.yahoo.com/rss/2.0/headline?s=INW.MI&region=US&lang=en-US
Intel,INTC,https://feeds.finance.yahoo.com/rss/2.0/headline?s=INTC&region=US&lang=en-US
Intesa Sanpaolo,ISP.MI,https://feeds.finance.yahoo.com/rss/2.0/headline?s=ISP.MI&region=US&lang=en-US
Italgas,IG.MI,https://feeds.finance.yahoo.com/rss/2.0/headline?s=IG.MI&region=US&lang=en-US
JD.com Inc,JD,https://feeds.finance.yahoo.com/rss/2.0/headline?s=JD&region=US&lang=en-US
Juventus FC SpA,JUVE.MI,https://feeds.finance.yahoo.com/rss/2.0/headline?s=JUVE.MI&region=US&lang=en-US
Kering,KER.PA,https://feeds.finance.yahoo.com/rss/2.0/headline?s=KER.PA&region=US&lang=en-US
L'Oreal,OR.PA,https://feeds.finance.yahoo.com/rss/2.0/headline?s=OR.PA&region=US&lang=en-US
LVMH,MC.PA,https://feeds.finance.yahoo.com/rss/2.0/headline?s=MC.PA&region=US&lang=en-US
Lam Research,LRCX,https://feeds.finance.yahoo.com/rss/2.0/headline?s=LRCX&region=US&lang=en-US
Leonardo,LDO.MI,https://feeds.finance.yahoo.com/rss/2.0/headline?s=LDO.MI&region=US&lang=en-US
Lufthansa,LHA.DE,https://feeds.finance.yahoo.com/rss/2.0/headline?s=LHA.DE&region=US&lang=en-US
MAIRE SpA,MAIRE.MI,https://feeds.finance.yahoo.com/rss/2.0/headline?s=MAIRE.MI&region=US&lang=en-US
Mastercard,MA,https://feeds.finance.yahoo.com/rss/2.0/headline?s=MA&region=US&lang=en-US
McDonalds Corp,MCD,https://feeds.finance.yahoo.com/rss/2.0/headline?s=MCD&region=US&lang=en-US
Meta Platforms Inc,META,https://feeds.finance.yahoo.com/rss/2.0/headline?s=META&region=US&lang=en-US
Micron Technology Inc,MU,https://feeds.finance.yahoo.com/rss/2.0/headline?s=MU&region=US&lang=en-US
Microsoft,MSFT,https://feeds.finance.yahoo.com/rss/2.0/headline?s=MSFT&region=US&lang=en-US
Moderna Inc,MRNA,https://feeds.finance.yahoo.com/rss/2.0/headline?s=MRNA&region=US&lang=en-US
Moeller Maersk A/S,MAERSK-B.CO,https://feeds.finance.yahoo.com/rss/2.0/headline?s=MAERSK-B.CO&region=US&lang=en-US
NVIDIA,NVDA,https://feeds.finance.yahoo.com/rss/2.0/headline?s=NVDA&region=US&lang=en-US
Nasdaq-100 Index(R),^NDX,https://feeds.finance.yahoo.com/rss/2.0/headline?s=^NDX&region=US&lang=en-US
Nestle,NESN.SW,https://feeds.finance.yahoo.com/rss/2.0/headline?s=NESN.SW&region=US&lang=en-US
Netflix,NFLX,https://feeds.finance.yahoo.com/rss/2.0/headline?s=NFLX&region=US&lang=en-US
Nexi SpA,NEXI.MI,https://feeds.finance.yahoo.com/rss/2.0/headline?s=NEXI.MI&region=US&lang=en-US
Nike Inc,NKE,https://feeds.finance.yahoo.com/rss/2.0/headline?s=NKE&region=US&lang=en-US
Nikkei 225,^N225,https://feeds.finance.yahoo.com/rss/2.0/headline?s=^N225&region=US&lang=en-US
Nio Inc,NIO,https://feeds.finance.yahoo.com/rss/2.0/headline?s=NIO&region=US&lang=en-US
Novo-Nordisk B,NOVO-B.CO,https://feeds.finance.yahoo.com/rss/2.0/headline?s=NOVO-B.CO&region=US&lang=en-US
Oracle Corp,ORCL,https://feeds.finance.yahoo.com/rss/2.0/headline?s=ORCL&region=US&lang=en-US
Oro,GC=F,https://feeds.finance.yahoo.com/rss/2.0/headline?s=GC=F&region=US&lang=en-US
Palantir Technologies Inc,PLTR,https://feeds.finance.yahoo.com/rss/2.0/headline?s=PLTR&region=US&lang=en-US
Palladium,PA=F,https://feeds.finance.yahoo.com/rss/2.0/headline?s=PA=F&region=US&lang=en-US
PayPal Holdings Inc,PYPL,https://feeds.finance.yahoo.com/rss/2.0/headline?s=PYPL&region=US&lang=en-US
PepsiCo,PEP,https://feeds.finance.yahoo.com/rss/2.0/headline?s=PEP&region=US&lang=en-US
Pfizer Inc,PFE,https://feeds.finance.yahoo.com/rss/2.0/headline?s=PFE&region=US&lang=en-US
Pirelli & C.SPA,PIRC.MI,https://feeds.finance.yahoo.com/rss/2.0/headline?s=PIRC.MI&region=US&lang=en-US
Porsche AG VZ,P911.DE,https://feeds.finance.yahoo.com/rss/2.0/headline?s=P911.DE&region=US&lang=en-US
Poste Italiane SpA,PST.MI,https://feeds.finance.yahoo.com/rss/2.0/headline?s=PST.MI&region=US&lang=en-US
Procter & Gamble,PG,https://feeds.finance.yahoo.com/rss/2.0/headline?s=PG&region=US&lang=en-US
Prysmian,PRY.MI,https://feeds.finance.yahoo.com/rss/2.0/headline?s=PRY.MI&region=US&lang=en-US
Qualcomm Inc,QCOM,https://feeds.finance.yahoo.com/rss/2.0/headline?s=QCOM&region=US&lang=en-US
RUSSELL 2000 Index,^RUT,https://feeds.finance.yahoo.com/rss/2.0/headline?s=^RUT&region=US&lang=en-US
Renault,RNO.PA,https://feeds.finance.yahoo.com/rss/2.0/headline?s=RNO.PA&region=US&lang=en-US
Reply SpA,REY.MI,https://feeds.finance.yahoo.com/rss/2.0/headline?s=REY.MI&region=US&lang=en-US
Rheinmetall,RHM.DE,https://feeds.finance.yahoo.com/rss/2.0/headline?s=RHM.DE&region=US&lang=en-US
Robinhood Markets Inc,HOOD,https://feeds.finance.yahoo.com/rss/2.0/headline?s=HOOD&region=US&lang=en-US
S&P 500,^GSPC,https://feeds.finance.yahoo.com/rss/2.0/headline?s=^GSPC&region=US&lang=en-US
SAP SE,SAP.DE,https://feeds.finance.yahoo.com/rss/2.0/headline?s=SAP.DE&region=US&lang=en-US
SESA SpA,SES.MI,https://feeds.finance.yahoo.com/rss/2.0/headline?s=SES.MI&region=US&lang=en-US
STMicroelectronics,STM.MI,https://feeds.finance.yahoo.com/rss/2.0/headline?s=STM.MI&region=US&lang=en-US
Saipem,SPM.MI,https://feeds.finance.yahoo.com/rss/2.0/headline?s=SPM.MI&region=US&lang=en-US
Salvatore Ferragamo SpA,SFER.MI,https://feeds.finance.yahoo.com/rss/2.0/headline?s=SFER.MI&region=US&lang=en-US
Sanofi SA,SAN.PA,https://feeds.finance.yahoo.com/rss/2.0/headline?s=SAN.PA&region=US&lang=en-US
Shopify Inc,SHOP,https://feeds.finance.yahoo.com/rss/2.0/headline?s=SHOP&region=US&lang=en-US
Siemens Energy AG,ENR.DE,https://feeds.finance.yahoo.com/rss/2.0/headline?s=ENR.DE&region=US&lang=en-US
Snam,SRG.MI,https://feeds.finance.yahoo.com/rss/2.0/headline?s=SRG.MI&region=US&lang=en-US
Snowflake Inc,SNOW,https://feeds.finance.yahoo.com/rss/2.0/headline?s=SNOW&region=US&lang=en-US
Stellantis,STLAM.MI,https://feeds.finance.yahoo.com/rss/2.0/headline?s=STLAM.MI&region=US&lang=en-US
Strategy Inc,MSTR,https://feeds.finance.yahoo.com/rss/2.0/headline?s=MSTR&region=US&lang=en-US
Super Micro Computer,SMCI,https://feeds.finance.yahoo.com/rss/2.0/headline?s=SMCI&region=US&lang=en-US
TUI,TUI1.DE,https://feeds.finance.yahoo.com/rss/2.0/headline?s=TUI1.DE&region=US&lang=en-US
Taiwan Semiconductor Manufacturing Co Ltd,TSM,https://feeds.finance.yahoo.com/rss/2.0/headline?s=TSM&region=US&lang=en-US
Take-Two Interactive Software,TTWO,https://feeds.finance.yahoo.com/rss/2.0/headline?s=TTWO&region=US&lang=en-US
Telecom Italia,TIT.MI,https://feeds.finance.yahoo.com/rss/2.0/headline?s=TIT.MI&region=US&lang=en-US
Tenaris,TEN.MI,https://feeds.finance.yahoo.com/rss/2.0/headline?s=TEN.MI&region=US&lang=en-US
Terna,TRN.MI,https://feeds.finance.yahoo.com/rss/2.0/headline?s=TRN.MI&region=US&lang=en-US
Tesla,TSLA,https://feeds.finance.yahoo.com/rss/2.0/headline?s=TSLA&region=US&lang=en-US
Thales,HO.PA,https://feeds.finance.yahoo.com/rss/2.0/headline?s=HO.PA&region=US&lang=en-US
Total,TTE.PA,https://feeds.finance.yahoo.com/rss/2.0/headline?s=TTE.PA&region=US&lang=en-US
Uber Technologies Inc,UBER,https://feeds.finance.yahoo.com/rss/2.0/headline?s=UBER&region=US&lang=en-US
Unicredit,UCG.MI,https://feeds.finance.yahoo.com/rss/2.0/headline?s=UCG.MI&region=US&lang=en-US
Unipol Assicurazioni SpA,UNI.MI,https://feeds.finance.yahoo.com/rss/2.0/headline?s=UNI.MI&region=US&lang=en-US
UnitedHealth Group Inc,UNH,https://feeds.finance.yahoo.com/rss/2.0/headline?s=UNH&region=US&lang=en-US
Vertiv Holdings Co,VRT,https://feeds.finance.yahoo.com/rss/2.0/headline?s=VRT&region=US&lang=en-US
Visa Inc.,V,https://feeds.finance.yahoo.com/rss/2.0/headline?s=V&region=US&lang=en-US
Volkswagen,VOW3.DE,https://feeds.finance.yahoo.com/rss/2.0/headline?s=VOW3.DE&region=US&lang=en-US
Walmart Inc,WMT,https://feeds.finance.yahoo.com/rss/2.0/headline?s=WMT&region=US&lang=en-US
Walt Disney Co,DIS,https://feeds.finance.yahoo.com/rss/2.0/headline?s=DIS&region=US&lang=en-US
Waste Management Inc,WM,https://feeds.finance.yahoo.com/rss/2.0/headline?s=WM&region=US&lang=en-US
Wells Fargo & Co,WFC,https://feeds.finance.yahoo.com/rss/2.0/headline?s=WFC&region=US&lang=en-US
